{
    "avg_prec": {
        "train": 0.9999327866648743,
        "test": 0.6710954247639881
    },
    "roc_auc": {
        "train": 0.9999947480094956,
        "test": 0.9071515151515152
    }
}
