{
    "avg_prec": {
        "train": 0.9999999999999999,
        "test": 0.7697366988405494
    },
    "roc_auc": {
        "train": 1.0,
        "test": 0.930020202020202
    }
}
